{
  "hunger": 21.289073276519773,
  "energy": 49.27101616620972,
  "mood": 99.97144019365308,
  "health": 99.44174785614024,
  "name": "小咪"
}