{
  "dims": {
    "affectionate": 0.7300000000000001,
    "energetic": 0.7000000000000002,
    "curious": 0.9000000000000001,
    "stubborn": 0.32,
    "clingy": 0.6000000000000002
  },
  "daily_deltas": {
    "affectionate": 0.09000000000000001,
    "energetic": 0.1,
    "curious": 0.09999999999999999,
    "stubborn": 0.02,
    "clingy": 0.09999999999999999
  },
  "last_date": "2026-06-25"
}