{
  "q_table": {
    "0,1,2,2,2": {
      "sleep": 0.01013237402161853,
      "play": 0.00025483707508702216,
      "explore": 0.002937795662972098,
      "cuddle": 0.0023718658066186563,
      "eat": 0.004120332663546578,
      "wander": 0.250043865373532,
      "groom": 0.013607554297875647
    },
    "0,0,2,2,2": {
      "sleep": 0.03621640200343249,
      "play": 0.06031405880567606,
      "explore": 0.04772465664480537,
      "cuddle": 1.3588770584731298,
      "eat": 0.010607750890224822,
      "wander": 0.19021630358327052,
      "groom": 0.07374763487799099
    },
    "0,0,2,2,1": {
      "sleep": 0.74493832589875,
      "play": 0.03154345746900111,
      "explore": 0.11971202793402554,
      "cuddle": 0.10103839973824398,
      "eat": 0.0932631810237964,
      "wander": 0.1801943742872789,
      "groom": 0.12221262315215733
    },
    "0,1,2,2,1": {
      "sleep": 0.09864922494624517,
      "play": 0.011875134809446186,
      "explore": 0.32627072435099724,
      "cuddle": 0.012453980891981653,
      "eat": 0.01725121966881704,
      "wander": 1.5830214720489018,
      "groom": 0.17238295869988213
    },
    "0,2,2,2,1": {
      "sleep": 0.07682295735400967,
      "play": 0.035537218109872974,
      "explore": 0.013961942743349498,
      "cuddle": 0.5722151077868188,
      "eat": 0.06612891966487804,
      "wander": 0.09037251603575709,
      "groom": 0.09490979134381596
    }
  },
  "exploration_rate": 0.18929442590651052
}