{
  "hunger": 4.072374906539928,
  "energy": 0,
  "mood": 99.86546828031548,
  "health": 95.86456546783471,
  "name": "小咪"
}